time_s,NITROGEN_TANK_PT,IPA_TANK_PT,LOX_TANK_PT,LOX_LINE_PT,IPA_LINE_PT,LOX_VENTURI_1_PT,LOX_VENTURI_2_PT,IPA_VENTURI_1_PT,IPA_VENTURI_2_PT,CHAMBER_PT,IGNITER_PT,PFM_PT,POM_PT
1777067585.391064,0.0,,,,,,,,,,,,
1777067585.391080,0.0,,-375.0,,,,,,,,,,
1777067585.391090,0.0,,-375.0,,-374.9,,,,,,,,
1777067585.391099,0.0,,-375.0,,-374.9,,-175.6,,,,,,
1777067585.391107,0.0,,-375.0,,-374.9,,-175.6,,-176.5,,,,
1777067585.391115,0.0,,-375.0,,-374.9,,-175.6,,-176.5,,-176.4,,
1777067585.391123,0.0,,-375.0,,-374.9,,-175.6,,-176.5,,-176.4,,-175.5
1777067586.390742,0.0,,-375.0,,-374.9,,-175.6,,-176.5,,-176.4,,-175.5
1777067586.390751,0.0,,-375.0,,-374.9,,-175.6,,-176.5,,-176.4,,-175.5
1777067586.390754,0.0,,-375.0,,-375.0,,-175.6,,-176.5,,-176.4,,-175.5
1777067586.391588,0.0,,-375.0,,-375.0,-374.9,-175.6,,-176.5,,-176.4,,-175.5
1777067586.391592,0.0,,-375.0,,-375.0,-374.9,-175.6,175.5,-176.5,,-176.4,,-175.5
1777067586.391595,0.0,,-375.0,,-375.0,-374.9,-175.6,175.5,-176.5,174.9,-176.4,,-175.5
1777067586.391600,0.0,,-375.0,,-375.0,-374.9,-175.6,175.5,-176.5,174.9,-176.4,175.6,-175.5
1777067587.395100,0.0,,-375.0,,-375.0,-374.9,-175.6,175.5,-176.5,174.9,-176.4,175.6,-175.5
1777067587.395108,0.0,,-375.0,,-375.0,-374.9,-175.6,175.5,-176.5,174.9,-176.4,175.6,-175.5
1777067587.395113,0.0,,-375.0,,-375.0,-374.9,-175.6,175.5,-176.5,174.9,-176.4,175.6,-175.5
1777067587.395119,0.0,,-375.0,,-375.0,-374.9,-175.1,175.5,-176.5,174.9,-176.4,175.6,-175.5
1777067587.395124,0.0,,-375.0,,-375.0,-374.9,-175.1,175.5,-176.0,174.9,-176.4,175.6,-175.5
1777067587.395128,0.0,,-375.0,,-375.0,-374.9,-175.1,175.5,-176.0,174.9,-176.5,175.6,-175.5
1777067587.396103,0.0,,-375.0,,-375.0,-374.9,-175.1,175.5,-176.0,174.9,-176.5,175.6,-175.6
1777067588.396038,0.0,,-375.0,,-375.0,-374.9,-175.1,175.5,-176.0,174.9,-176.5,175.6,-175.6
1777067588.396052,0.0,,-375.0,,-375.0,-374.9,-175.1,175.5,-176.0,174.9,-176.5,175.6,-175.6
1777067588.396059,0.0,,-375.0,,-374.9,-374.9,-175.1,175.5,-176.0,174.9,-176.5,175.6,-175.6
1777067588.396066,0.0,,-375.0,,-374.9,-374.9,-174.7,175.5,-176.0,174.9,-176.5,175.6,-175.6
1777067588.396072,0.0,,-375.0,,-374.9,-374.9,-174.7,175.5,-176.1,174.9,-176.5,175.6,-175.6
1777067588.396423,0.0,,-375.0,,-374.9,-374.9,-174.7,175.5,-176.1,174.7,-176.5,175.6,-175.6
1777067588.396455,0.0,,-375.0,,-374.9,-374.9,-174.7,175.5,-176.1,174.7,-176.5,175.6,-175.6
1777067589.398938,0.0,,-375.0,,-374.9,-374.9,-174.7,175.5,-176.1,174.7,-176.5,175.6,-175.6
1777067589.398944,0.0,,-375.0,,-374.9,-374.9,-174.7,175.5,-176.1,174.7,-176.5,175.6,-175.6
1777067589.400907,0.0,,-375.0,-375.0,-374.9,-374.9,-174.7,175.5,-176.1,174.7,-176.5,175.6,-175.6
1777067589.400915,0.0,,-375.0,-375.0,-374.9,-375.0,-174.7,175.5,-176.1,174.7,-176.5,175.6,-175.6
1777067589.400921,0.0,,-375.0,-375.0,-374.9,-375.0,-174.7,175.7,-176.1,174.7,-176.5,175.6,-175.6
1777067589.400930,0.0,,-375.0,-375.0,-374.9,-375.0,-174.7,175.7,-176.1,174.8,-176.5,175.6,-175.6
1777067589.400936,0.0,,-375.0,-375.0,-374.9,-375.0,-174.7,175.7,-176.1,174.8,-176.5,174.7,-175.6
1777067590.399371,0.0,,-375.0,-375.0,-374.9,-375.0,-174.7,175.7,-176.1,174.8,-176.5,174.7,-175.6
1777067590.399386,0.0,,-375.0,-375.0,-374.9,-375.0,-174.7,175.7,-176.1,174.8,-176.5,174.7,-175.6
1777067590.399395,0.0,,-375.0,-375.0,-375.0,-375.0,-174.7,175.7,-176.1,174.8,-176.5,174.7,-175.6
1777067590.400421,0.0,,-375.0,-375.0,-375.0,-375.0,-174.7,175.7,-176.1,174.8,-176.5,174.7,-175.6
1777067590.400436,0.0,,-375.0,-375.0,-375.0,-375.0,-174.7,176.5,-176.1,174.8,-176.5,174.7,-175.6
1777067590.400449,0.0,,-375.0,-375.0,-375.0,-375.0,-174.7,176.5,-176.1,174.9,-176.5,174.7,-175.6
1777067590.400459,0.0,,-375.0,-375.0,-375.0,-375.0,-174.7,176.5,-176.1,174.9,-176.5,174.8,-175.6
1777067591.400950,0.0,,-375.0,-375.0,-375.0,-375.0,-174.7,176.5,-176.1,174.9,-176.5,174.8,-175.6
1777067591.400960,0.0,,-375.0,-375.0,-375.0,-375.0,-174.7,176.5,-176.1,174.9,-176.5,174.8,-175.6
1777067591.400969,0.0,,-375.0,-375.0,-375.0,-375.0,-174.7,176.5,-176.1,174.9,-176.5,174.8,-175.6
1777067591.400979,0.0,,-375.0,-375.0,-375.0,-375.0,-176.1,176.5,-176.1,174.9,-176.5,174.8,-175.6
1777067591.400986,0.0,,-375.0,-375.0,-375.0,-375.0,-176.1,176.5,-176.0,174.9,-176.5,174.8,-175.6
1777067591.400993,0.0,,-375.0,-375.0,-375.0,-375.0,-176.1,176.5,-176.0,174.9,-177.4,174.8,-175.6
1777067591.401000,0.0,,-375.0,-375.0,-375.0,-375.0,-176.1,176.5,-176.0,174.9,-177.4,174.8,-175.6
1777067592.400312,0.0,,-375.0,-375.0,-375.0,-375.0,-176.1,176.5,-176.0,174.9,-177.4,174.8,-175.6
1777067592.400320,0.0,,-375.0,-375.0,-375.0,-375.0,-176.1,176.5,-176.0,174.9,-177.4,174.8,-175.6
1777067592.402321,0.0,,-375.0,-375.0,-375.0,-375.0,-176.1,176.5,-176.0,174.9,-177.4,174.8,-175.6
1777067592.402335,0.0,,-375.0,-375.0,-375.0,-374.9,-176.1,176.5,-176.0,174.9,-177.4,174.8,-175.6
1777067592.402345,0.0,,-375.0,-375.0,-375.0,-374.9,-176.1,175.7,-176.0,174.9,-177.4,174.8,-175.6
1777067592.402355,0.0,,-375.0,-375.0,-375.0,-374.9,-176.1,175.7,-176.0,175.5,-177.4,174.8,-175.6
1777067592.402364,0.0,,-375.0,-375.0,-375.0,-374.9,-176.1,175.7,-176.0,175.5,-177.4,175.1,-175.6
1777067593.400713,0.0,,-375.0,-375.0,-375.0,-374.9,-176.1,175.7,-176.0,175.5,-177.4,175.1,-175.6
1777067593.400720,0.0,,-375.0,-375.0,-375.0,-374.9,-176.1,175.7,-176.0,175.5,-177.4,175.1,-175.6
1777067593.400724,0.0,,-375.0,-375.0,-375.0,-374.9,-176.1,175.7,-176.0,175.5,-177.4,175.1,-175.6
1777067593.400728,0.0,,-375.0,-375.0,-375.0,-374.9,-175.3,175.7,-176.0,175.5,-177.4,175.1,-175.6
1777067593.401671,0.0,,-375.0,-375.0,-375.0,-374.9,-175.3,175.5,-176.0,175.5,-177.4,175.1,-175.6
1777067593.401694,0.0,,-375.0,-375.0,-375.0,-374.9,-175.3,175.5,-176.0,175.3,-177.4,175.1,-175.6
1777067593.401699,0.0,,-375.0,-375.0,-375.0,-374.9,-175.3,175.5,-176.0,175.3,-177.4,175.8,-175.6
1777067594.401212,0.0,,-375.0,-375.0,-375.0,-374.9,-175.3,175.5,-176.0,175.3,-177.4,175.8,-175.6
1777067594.401226,0.0,,-375.0,-375.0,-375.0,-374.9,-175.3,175.5,-176.0,175.3,-177.4,175.8,-175.6
1777067594.401239,0.0,,-375.0,-375.0,-375.0,-374.9,-175.3,175.5,-176.0,175.3,-177.4,175.8,-175.6
1777067594.401247,0.0,,-375.0,-375.0,-375.0,-374.9,-175.7,175.5,-176.0,175.3,-177.4,175.8,-175.6
1777067594.401255,0.0,,-375.0,-375.0,-375.0,-374.9,-175.7,175.5,-175.8,175.3,-177.4,175.8,-175.6
1777067594.403143,0.0,,-375.0,-375.0,-375.0,-374.9,-175.7,175.5,-175.8,175.3,-176.9,175.8,-175.6
1777067594.403153,0.0,,-375.0,-375.0,-375.0,-374.9,-175.7,175.5,-175.8,175.3,-176.9,175.8,-175.3
1777067595.402701,0.0,,-375.0,-375.0,-375.0,-374.9,-175.7,175.5,-175.8,175.3,-176.9,175.8,-175.3
1777067595.402710,0.0,,-375.0,-375.0,-375.0,-374.9,-175.7,175.5,-175.8,175.3,-176.9,175.8,-175.3
1777067595.402714,0.0,,-375.0,-375.0,-374.9,-374.9,-175.7,175.5,-175.8,175.3,-176.9,175.8,-175.3
1777067595.402717,0.0,,-375.0,-375.0,-374.9,-374.9,-175.6,175.5,-175.8,175.3,-176.9,175.8,-175.3
1777067595.402722,0.0,,-375.0,-375.0,-374.9,-374.9,-175.6,175.5,-175.8,175.3,-176.9,175.8,-175.3
1777067595.402725,0.0,,-375.0,-375.0,-374.9,-374.9,-175.6,175.5,-175.8,175.3,-177.2,175.8,-175.3
1777067595.402730,0.0,,-375.0,-375.0,-374.9,-374.9,-175.6,175.5,-175.8,175.3,-177.2,175.8,-175.3
1777067596.403078,0.0,,-375.0,-375.0,-374.9,-374.9,-175.6,175.5,-175.8,175.3,-177.2,175.8,-175.3
1777067596.403084,0.0,,-375.0,-375.0,-374.9,-374.9,-175.6,175.5,-175.8,175.3,-177.2,175.8,-175.3
1777067596.404036,0.0,,-375.0,-375.0,-374.9,-374.9,-175.6,175.5,-175.8,175.3,-177.2,175.8,-175.3
1777067596.404041,0.0,,-375.0,-375.0,-374.9,-375.0,-175.6,175.5,-175.8,175.3,-177.2,175.8,-175.3
1777067596.404046,0.0,,-375.0,-375.0,-374.9,-375.0,-175.6,176.5,-175.8,175.3,-177.2,175.8,-175.3
1777067596.404050,0.0,,-375.0,-375.0,-374.9,-375.0,-175.6,176.5,-175.8,174.9,-177.2,175.8,-175.3
1777067596.404054,0.0,,-375.0,-375.0,-374.9,-375.0,-175.6,176.5,-175.8,174.9,-177.2,174.8,-175.3
1777067597.406774,0.0,,-375.0,-375.0,-374.9,-375.0,-175.6,176.5,-175.8,174.9,-177.2,174.8,-175.3
1777067597.406790,0.0,,-375.0,-375.0,-374.9,-375.0,-175.6,176.5,-175.8,174.9,-177.2,174.8,-175.3
1777067597.406800,0.0,,-375.0,-375.0,-375.0,-375.0,-175.6,176.5,-175.8,174.9,-177.2,174.8,-175.3
1777067597.407606,0.0,,-375.0,-375.0,-375.0,-375.0,-175.0,176.5,-175.8,174.9,-177.2,174.8,-175.3
1777067597.407620,0.0,,-375.0,-375.0,-375.0,-375.0,-175.0,176.5,-175.5,174.9,-177.2,174.8,-175.3
1777067597.407631,0.0,,-375.0,-375.0,-375.0,-375.0,-175.0,176.5,-175.5,174.9,-176.6,174.8,-175.3
1777067597.407657,0.0,,-375.0,-375.0,-375.0,-375.0,-175.0,176.5,-175.5,174.9,-176.6,174.8,-175.5
1777067598.410289,0.0,,-375.0,-375.0,-375.0,-375.0,-175.0,176.5,-175.5,174.9,-176.6,174.8,-175.5
1777067598.410304,0.0,,-375.0,-375.0,-375.0,-375.0,-175.0,176.5,-175.5,174.9,-176.6,174.8,-175.5
1777067598.410316,0.0,,-375.0,-375.0,-375.0,-375.0,-175.0,176.5,-175.5,174.9,-176.6,174.8,-175.5
1777067598.410326,0.0,,-375.0,-375.0,-375.0,-375.0,-176.1,176.5,-175.5,174.9,-176.6,174.8,-175.5
1777067598.410335,0.0,,-375.0,-375.0,-375.0,-375.0,-176.1,176.5,-176.2,174.9,-176.6,174.8,-175.5
1777067598.410343,0.0,,-375.0,-375.0,-375.0,-375.0,-176.1,176.5,-176.2,174.9,-176.6,174.8,-175.5
1777067598.411141,0.0,,-375.0,-375.0,-375.0,-375.0,-176.1,176.5,-176.2,174.9,-176.6,175.2,-175.5
1777067599.413611,0.0,,-375.0,-375.0,-375.0,-375.0,-176.1,176.5,-176.2,174.9,-176.6,175.2,-175.5
1777067599.413621,0.0,,-375.0,-375.0,-375.0,-375.0,-176.1,176.5,-176.2,174.9,-176.6,175.2,-175.5
1777067599.413628,0.0,,-375.0,-375.0,-375.0,-375.0,-176.1,176.5,-176.2,174.9,-176.6,175.2,-175.5
1777067599.414584,0.0,,-375.0,-375.0,-375.0,-375.0,-176.0,176.5,-176.2,174.9,-176.6,175.2,-175.5
1777067599.414599,0.0,,-375.0,-375.0,-375.0,-375.0,-176.0,176.5,-175.7,174.9,-176.6,175.2,-175.5
1777067599.414610,0.0,,-375.0,-375.0,-375.0,-375.0,-176.0,176.5,-175.7,174.9,-176.6,175.2,-175.5
1777067599.414619,0.0,,-375.0,-375.0,-375.0,-375.0,-176.0,176.5,-175.7,174.9,-176.6,175.2,-174.7
1777067600.415260,0.0,,-375.0,-375.0,-375.0,-375.0,-176.0,176.5,-175.7,174.9,-176.6,175.2,-174.7
1777067600.415270,0.0,,-375.0,-375.0,-375.0,-375.0,-176.0,176.5,-175.7,174.9,-176.6,175.2,-174.7
1777067600.415275,0.0,,-375.0,-375.0,-375.0,-375.0,-176.0,176.5,-175.7,174.9,-176.6,175.2,-174.7
1777067600.415282,0.0,,-375.0,-375.0,-375.0,-375.0,-175.2,176.5,-175.7,174.9,-176.6,175.2,-174.7
1777067600.415305,0.0,,-375.0,-375.0,-375.0,-375.0,-175.2,176.5,-176.3,174.9,-176.6,175.2,-174.7
1777067600.415316,0.0,,-375.0,-375.0,-375.0,-375.0,-175.2,176.5,-176.3,174.9,-176.7,175.2,-174.7
1777067600.415322,0.0,,-375.0,-375.0,-375.0,-375.0,-175.2,176.5,-176.3,174.9,-176.7,175.2,-175.5
1777067601.414848,0.0,,-375.0,-375.0,-375.0,-375.0,-175.2,176.5,-176.3,174.9,-176.7,175.2,-175.5
1777067601.414864,0.0,,-375.0,-375.0,-375.0,-375.0,-175.2,176.5,-176.3,174.9,-176.7,175.2,-175.5
1777067601.414873,0.0,,-375.0,-375.0,-375.0,-375.0,-175.2,176.5,-176.3,174.9,-176.7,175.2,-175.5
1777067601.414891,0.0,,-375.0,-375.0,-375.0,-375.0,-175.8,176.5,-176.3,174.9,-176.7,175.2,-175.5
1777067601.414900,0.0,,-375.0,-375.0,-375.0,-375.0,-175.8,176.5,-176.0,174.9,-176.7,175.2,-175.5
1777067601.414911,0.0,,-375.0,-375.0,-375.0,-375.0,-175.8,176.5,-176.0,174.9,-177.0,175.2,-175.5
1777067601.414919,0.0,,-375.0,-375.0,-375.0,-375.0,-175.8,176.5,-176.0,174.9,-177.0,175.2,-174.7
1777067602.414207,0.0,,-375.0,-375.0,-375.0,-375.0,-175.8,176.5,-176.0,174.9,-177.0,175.2,-174.7
1777067602.415094,0.0,,-374.9,-375.0,-375.0,-375.0,-175.8,176.5,-176.0,174.9,-177.0,175.2,-174.7
1777067602.415108,0.0,,-374.9,-375.0,-375.0,-375.0,-175.8,176.5,-176.0,174.9,-177.0,175.2,-174.7
1777067602.415118,0.0,,-374.9,-375.0,-375.0,-375.0,-176.4,176.5,-176.0,174.9,-177.0,175.2,-174.7
1777067602.415128,0.0,,-374.9,-375.0,-375.0,-375.0,-176.4,176.5,-175.7,174.9,-177.0,175.2,-174.7
1777067602.415136,0.0,,-374.9,-375.0,-375.0,-375.0,-176.4,176.5,-175.7,174.9,-177.0,175.2,-174.7
1777067602.415145,0.0,,-374.9,-375.0,-375.0,-375.0,-176.4,176.5,-175.7,174.9,-177.0,175.2,-174.7
1777067603.416681,0.0,,-374.9,-375.0,-375.0,-375.0,-176.4,176.5,-175.7,174.9,-177.0,175.2,-174.7
1777067603.416699,0.0,,-375.0,-375.0,-375.0,-375.0,-176.4,176.5,-175.7,174.9,-177.0,175.2,-174.7
1777067603.416711,0.0,,-375.0,-375.0,-375.0,-375.0,-176.4,176.5,-175.7,174.9,-177.0,175.2,-174.7
1777067603.416722,0.0,,-375.0,-375.0,-375.0,-375.0,-175.2,176.5,-175.7,174.9,-177.0,175.2,-174.7
1777067603.416731,0.0,,-375.0,-375.0,-375.0,-375.0,-175.2,176.5,-176.0,174.9,-177.0,175.2,-174.7
1777067603.418531,0.0,,-375.0,-375.0,-375.0,-375.0,-175.2,176.5,-176.0,174.9,-177.0,175.2,-174.7
1777067603.418546,0.0,,-375.0,-375.0,-375.0,-375.0,-175.2,176.5,-176.0,174.9,-177.0,175.1,-174.7
1777067604.417014,0.0,,-375.0,-375.0,-375.0,-375.0,-175.2,176.5,-176.0,174.9,-177.0,175.1,-174.7
1777067604.417033,0.0,,-375.0,-375.0,-375.0,-375.0,-175.2,176.5,-176.0,174.9,-177.0,175.1,-174.7
1777067604.417039,0.0,,-375.0,-375.0,-374.9,-375.0,-175.2,176.5,-176.0,174.9,-177.0,175.1,-174.7
1777067604.417043,0.0,,-375.0,-375.0,-374.9,-375.0,-174.9,176.5,-176.0,174.9,-177.0,175.1,-174.7
1777067604.417046,0.0,,-375.0,-375.0,-374.9,-375.0,-174.9,176.5,-176.0,174.9,-177.0,175.1,-174.7
1777067604.417050,0.0,,-375.0,-375.0,-374.9,-375.0,-174.9,176.5,-176.0,174.9,-176.7,175.1,-174.7
1777067604.417052,0.0,,-375.0,-375.0,-374.9,-375.0,-174.9,176.5,-176.0,174.9,-176.7,175.1,-175.5
1777067605.418562,0.0,,-375.0,-375.0,-374.9,-375.0,-174.9,176.5,-176.0,174.9,-176.7,175.1,-175.5
1777067605.418581,0.0,,-375.0,-375.0,-374.9,-375.0,-174.9,176.5,-176.0,174.9,-176.7,175.1,-175.5
1777067605.418588,0.0,,-375.0,-375.0,-375.0,-375.0,-174.9,176.5,-176.0,174.9,-176.7,175.1,-175.5
1777067605.418596,0.0,,-375.0,-375.0,-375.0,-375.0,-175.5,176.5,-176.0,174.9,-176.7,175.1,-175.5
1777067605.418602,0.0,,-375.0,-375.0,-375.0,-375.0,-175.5,176.5,-176.5,174.9,-176.7,175.1,-175.5
1777067605.418609,0.0,,-375.0,-375.0,-375.0,-375.0,-175.5,176.5,-176.5,174.9,-176.8,175.1,-175.5
1777067605.418615,0.0,,-375.0,-375.0,-375.0,-375.0,-175.5,176.5,-176.5,174.9,-176.8,175.1,-175.3
1777067606.417970,0.0,,-375.0,-375.0,-375.0,-375.0,-175.5,176.5,-176.5,174.9,-176.8,175.1,-175.3
1777067606.417983,0.0,,-375.0,-375.0,-375.0,-375.0,-175.5,176.5,-176.5,174.9,-176.8,175.1,-175.3
1777067606.418871,0.0,,-375.0,-375.0,-375.0,-375.0,-175.5,176.5,-176.5,174.9,-176.8,175.1,-175.3
1777067606.418882,0.0,,-375.0,-375.0,-375.0,-375.0,-175.3,176.5,-176.5,174.9,-176.8,175.1,-175.3
1777067606.418887,0.0,,-375.0,-375.0,-375.0,-375.0,-175.3,176.5,-175.6,174.9,-176.8,175.1,-175.3
1777067606.418891,0.0,,-375.0,-375.0,-375.0,-375.0,-175.3,176.5,-175.6,174.9,-177.8,175.1,-175.3
1777067606.418894,0.0,,-375.0,-375.0,-375.0,-375.0,-175.3,176.5,-175.6,174.9,-177.8,175.1,-175.3
1777067607.418465,0.0,,-375.0,-375.0,-375.0,-375.0,-175.3,176.5,-175.6,174.9,-177.8,175.1,-175.3
1777067607.418476,0.0,,-375.0,-375.0,-375.0,-375.0,-175.3,176.5,-175.6,174.9,-177.8,175.1,-175.3
1777067607.418482,0.0,,-375.0,-375.0,-375.0,-375.0,-175.3,176.5,-175.6,174.9,-177.8,175.1,-175.3
1777067607.419369,0.0,,-375.0,-375.0,-375.0,-375.0,-175.3,176.5,-175.6,174.9,-177.8,175.1,-175.3
1777067607.419383,0.0,,-375.0,-375.0,-375.0,-375.0,-175.3,175.5,-175.6,174.9,-177.8,175.1,-175.3
1777067607.419393,0.0,,-375.0,-375.0,-375.0,-375.0,-175.3,175.5,-175.6,175.0,-177.8,175.1,-175.3
1777067607.419411,0.0,,-375.0,-375.0,-375.0,-375.0,-175.3,175.5,-175.6,175.0,-177.8,174.8,-175.3
1777067608.418969,0.0,,-375.0,-375.0,-375.0,-375.0,-175.3,175.5,-175.6,175.0,-177.8,174.8,-175.3
1777067608.418990,0.0,,-375.0,-375.0,-375.0,-375.0,-175.3,175.5,-175.6,175.0,-177.8,174.8,-175.3
1777067608.418997,0.0,,-375.0,-375.0,-375.0,-375.0,-175.3,175.5,-175.6,175.0,-177.8,174.8,-175.3
1777067608.419004,0.0,,-375.0,-375.0,-375.0,-375.0,-175.1,175.5,-175.6,175.0,-177.8,174.8,-175.3
1777067608.419826,0.0,,-375.0,-375.0,-375.0,-375.0,-175.1,175.5,-175.6,175.0,-177.8,174.8,-175.3
1777067608.419838,0.0,,-375.0,-375.0,-375.0,-375.0,-175.1,175.5,-175.6,175.0,-178.4,174.8,-175.3
1777067608.419865,0.0,,-375.0,-375.0,-375.0,-375.0,-175.1,175.5,-175.6,175.0,-178.4,174.8,-175.5
1777067609.419404,0.0,,-375.0,-375.0,-375.0,-375.0,-175.1,175.5,-175.6,175.0,-178.4,174.8,-175.5
1777067609.419414,0.0,,-375.0,-375.0,-375.0,-375.0,-175.1,175.5,-175.6,175.0,-178.4,174.8,-175.5
1777067609.419421,0.0,,-375.0,-375.0,-374.9,-375.0,-175.1,175.5,-175.6,175.0,-178.4,174.8,-175.5
1777067609.419426,0.0,,-375.0,-375.0,-374.9,-375.0,-175.7,175.5,-175.6,175.0,-178.4,174.8,-175.5
1777067609.419432,0.0,,-375.0,-375.0,-374.9,-375.0,-175.7,175.5,-175.9,175.0,-178.4,174.8,-175.5
1777067609.419438,0.0,,-375.0,-375.0,-374.9,-375.0,-175.7,175.5,-175.9,175.0,-177.4,174.8,-175.5
1777067609.420410,0.0,,-375.0,-375.0,-374.9,-375.0,-175.7,175.5,-175.9,175.0,-177.4,174.5,-175.5
1777067610.420201,0.0,,-375.0,-375.0,-374.9,-375.0,-175.7,175.5,-175.9,175.0,-177.4,174.5,-175.5
1777067610.420218,0.0,,-375.0,-375.0,-374.9,-375.0,-175.7,175.5,-175.9,175.0,-177.4,174.5,-175.5
1777067610.420229,0.0,,-375.0,-375.0,-375.0,-375.0,-175.7,175.5,-175.9,175.0,-177.4,174.5,-175.5
1777067610.420241,0.0,,-375.0,-375.0,-375.0,-375.0,-176.2,175.5,-175.9,175.0,-177.4,174.5,-175.5
1777067610.420252,0.0,,-375.0,-375.0,-375.0,-375.0,-176.2,175.5,-176.1,175.0,-177.4,174.5,-175.5
1777067610.420272,0.0,,-375.0,-375.0,-375.0,-375.0,-176.2,175.5,-176.1,175.0,-176.2,174.5,-175.5
1777067610.420280,0.0,,-375.0,-375.0,-375.0,-375.0,-176.2,175.5,-176.1,175.0,-176.2,174.5,-175.1
1777067611.419420,0.0,,-375.0,-375.0,-375.0,-375.0,-176.2,175.5,-176.1,175.0,-176.2,174.5,-175.1
1777067611.419436,0.0,,-375.0,-375.0,-375.0,-375.0,-176.2,175.5,-176.1,175.0,-176.2,174.5,-175.1
1777067611.420432,0.0,,-375.0,-375.0,-375.0,-375.0,-176.2,175.5,-176.1,175.0,-176.2,174.5,-175.1
1777067611.420447,0.0,,-375.0,-375.0,-375.0,-375.0,-175.5,175.5,-176.1,175.0,-176.2,174.5,-175.1
1777067611.420458,0.0,,-375.0,-375.0,-375.0,-375.0,-175.5,175.5,-176.0,175.0,-176.2,174.5,-175.1
1777067611.420469,0.0,,-375.0,-375.0,-375.0,-375.0,-175.5,175.5,-176.0,175.0,-176.5,174.5,-175.1
1777067611.420480,0.0,,-375.0,-375.0,-375.0,-375.0,-175.5,175.5,-176.0,175.0,-176.5,174.5,-175.6
1777067612.420059,0.0,,-375.0,-375.0,-375.0,-375.0,-175.5,175.5,-176.0,175.0,-176.5,174.5,-175.6
1777067612.420078,0.0,,-375.0,-375.0,-375.0,-375.0,-175.5,175.5,-176.0,175.0,-176.5,174.5,-175.6
1777067612.420089,0.0,,-375.0,-375.0,-375.0,-375.0,-175.5,175.5,-176.0,175.0,-176.5,174.5,-175.6
1777067612.420098,0.0,,-375.0,-375.0,-375.0,-375.0,-175.3,175.5,-176.0,175.0,-176.5,174.5,-175.6
1777067612.420906,0.0,,-375.0,-375.0,-375.0,-375.0,-175.3,175.5,-176.1,175.0,-176.5,174.5,-175.6
1777067612.420944,0.0,,-375.0,-375.0,-375.0,-375.0,-175.3,175.5,-176.1,175.0,-175.8,174.5,-175.6
1777067612.420955,0.0,,-375.0,-375.0,-375.0,-375.0,-175.3,175.5,-176.1,175.0,-175.8,174.5,-175.5
1777067613.420704,0.0,,-375.0,-375.0,-375.0,-375.0,-175.3,175.5,-176.1,175.0,-175.8,174.5,-175.5
1777067613.420720,0.0,,-375.0,-375.0,-375.0,-375.0,-175.3,175.5,-176.1,175.0,-175.8,174.5,-175.5
1777067613.420731,0.0,,-375.0,-375.0,-375.0,-375.0,-175.3,175.5,-176.1,175.0,-175.8,174.5,-175.5
1777067613.420742,0.0,,-375.0,-375.0,-375.0,-375.0,-176.1,175.5,-176.1,175.0,-175.8,174.5,-175.5
1777067613.420754,0.0,,-375.0,-375.0,-375.0,-375.0,-176.1,175.5,-176.4,175.0,-175.8,174.5,-175.5
1777067613.420762,0.0,,-375.0,-375.0,-375.0,-375.0,-176.1,175.5,-176.4,175.0,-175.6,174.5,-175.5
1777067613.421522,0.0,,-375.0,-375.0,-375.0,-375.0,-176.1,175.5,-176.4,175.0,-175.6,174.5,-175.4
1777067614.422145,0.0,,-375.0,-375.0,-375.0,-375.0,-176.1,175.5,-176.4,175.0,-175.6,174.5,-175.4
1777067614.422161,0.0,,-374.9,-375.0,-375.0,-375.0,-176.1,175.5,-176.4,175.0,-175.6,174.5,-175.4
1777067614.422171,0.0,,-374.9,-375.0,-375.0,-375.0,-176.1,175.5,-176.4,175.0,-175.6,174.5,-175.4
1777067614.422181,0.0,,-374.9,-375.0,-375.0,-375.0,-175.7,175.5,-176.4,175.0,-175.6,174.5,-175.4
1777067614.422188,0.0,,-374.9,-375.0,-375.0,-375.0,-175.7,175.5,-176.6,175.0,-175.6,174.5,-175.4
1777067614.423004,0.0,,-374.9,-375.0,-375.0,-375.0,-175.7,175.5,-176.6,175.3,-175.6,174.5,-175.4
1777067614.423019,0.0,,-374.9,-375.0,-375.0,-375.0,-175.7,175.5,-176.6,175.3,-175.6,174.7,-175.4
1777067615.422773,0.0,,-374.9,-375.0,-375.0,-375.0,-175.7,175.5,-176.6,175.3,-175.6,174.7,-175.4
1777067615.422792,0.0,,-374.9,-375.0,-375.0,-375.0,-175.7,175.5,-176.6,175.3,-175.6,174.7,-175.4
1777067615.422804,0.0,,-374.9,-375.0,-374.9,-375.0,-175.7,175.5,-176.6,175.3,-175.6,174.7,-175.4
1777067615.422815,0.0,,-374.9,-375.0,-374.9,-375.0,-176.1,175.5,-176.6,175.3,-175.6,174.7,-175.4
1777067615.422827,0.0,,-374.9,-375.0,-374.9,-375.0,-176.1,175.5,-176.6,175.3,-175.6,174.7,-175.4
1777067615.422839,0.0,,-374.9,-375.0,-374.9,-375.0,-176.1,175.5,-176.6,175.3,-177.4,174.7,-175.4
1777067615.422849,0.0,,-374.9,-375.0,-374.9,-375.0,-176.1,175.5,-176.6,175.3,-177.4,174.7,-175.5
1777067616.425441,0.0,,-374.9,-375.0,-374.9,-375.0,-176.1,175.5,-176.6,175.3,-177.4,174.7,-175.5
1777067616.425458,0.0,,-374.9,-375.0,-374.9,-375.0,-176.1,175.5,-176.6,175.3,-177.4,174.7,-175.5
1777067616.425469,0.0,,-374.9,-375.0,-375.0,-375.0,-176.1,175.5,-176.6,175.3,-177.4,174.7,-175.5
1777067616.426333,0.0,,-374.9,-375.0,-375.0,-375.0,-175.6,175.5,-176.6,175.3,-177.4,174.7,-175.5
1777067616.426347,0.0,,-374.9,-375.0,-375.0,-375.0,-175.6,175.5,-176.0,175.3,-177.4,174.7,-175.5
1777067616.426360,0.0,,-374.9,-375.0,-375.0,-375.0,-175.6,175.5,-176.0,175.3,-177.4,174.7,-175.5
1777067616.426370,0.0,,-374.9,-375.0,-375.0,-375.0,-175.6,175.5,-176.0,175.3,-177.4,174.7,-175.2
1777067617.425737,0.0,,-374.9,-375.0,-375.0,-375.0,-175.6,175.5,-176.0,175.3,-177.4,174.7,-175.2
1777067617.425745,0.0,,-375.0,-375.0,-375.0,-375.0,-175.6,175.5,-176.0,175.3,-177.4,174.7,-175.2
1777067617.425749,0.0,,-375.0,-375.0,-375.0,-375.0,-175.6,175.5,-176.0,175.3,-177.4,174.7,-175.2
1777067617.425753,0.0,,-375.0,-375.0,-375.0,-375.0,-176.0,175.5,-176.0,175.3,-177.4,174.7,-175.2
1777067617.425757,0.0,,-375.0,-375.0,-375.0,-375.0,-176.0,175.5,-175.9,175.3,-177.4,174.7,-175.2
1777067617.425760,0.0,,-375.0,-375.0,-375.0,-375.0,-176.0,175.5,-175.9,175.3,-177.4,174.7,-175.2
1777067617.426681,0.0,,-375.0,-375.0,-375.0,-375.0,-176.0,175.5,-175.9,175.3,-177.4,175.3,-175.2
1777067618.426422,0.0,,-375.0,-375.0,-375.0,-375.0,-176.0,175.5,-175.9,175.3,-177.4,175.3,-175.2
1777067618.426436,0.0,,-375.0,-375.0,-375.0,-375.0,-176.0,175.5,-175.9,175.3,-177.4,175.3,-175.2
1777067618.426445,0.0,,-375.0,-375.0,-375.0,-375.0,-176.0,175.5,-175.9,175.3,-177.4,175.3,-175.2
1777067618.426453,0.0,,-375.0,-375.0,-375.0,-375.0,-175.5,175.5,-175.9,175.3,-177.4,175.3,-175.2
1777067618.426466,0.0,,-375.0,-375.0,-375.0,-375.0,-175.5,175.5,-176.1,175.3,-177.4,175.3,-175.2
1777067618.426474,0.0,,-375.0,-375.0,-375.0,-375.0,-175.5,175.5,-176.1,175.3,-177.5,175.3,-175.2
1777067618.426486,0.0,,-375.0,-375.0,-375.0,-375.0,-175.5,175.5,-176.1,175.3,-177.5,175.3,-175.5
1777067619.426919,0.0,,-375.0,-375.0,-375.0,-375.0,-175.5,175.5,-176.1,175.3,-177.5,175.3,-175.5
1777067619.426936,0.0,,-375.0,-375.0,-375.0,-375.0,-175.5,175.5,-176.1,175.3,-177.5,175.3,-175.5
1777067619.426948,0.0,,-375.0,-375.0,-375.0,-375.0,-175.5,175.5,-176.1,175.3,-177.5,175.3,-175.5
1777067619.426958,0.0,,-375.0,-375.0,-375.0,-375.0,-175.4,175.5,-176.1,175.3,-177.5,175.3,-175.5
1777067619.426969,0.0,,-375.0,-375.0,-375.0,-375.0,-175.4,175.5,-176.1,175.3,-177.5,175.3,-175.5
1777067619.426978,0.0,,-375.0,-375.0,-375.0,-375.0,-175.4,175.5,-176.1,175.3,-176.5,175.3,-175.5
1777067619.426988,0.0,,-375.0,-375.0,-375.0,-375.0,-175.4,175.5,-176.1,175.3,-176.5,175.3,-175.6
1777067620.426476,0.0,,-375.0,-375.0,-375.0,-375.0,-175.4,175.5,-176.1,175.3,-176.5,175.3,-175.6
1777067620.426491,0.0,,-375.0,-375.0,-375.0,-375.0,-175.4,175.5,-176.1,175.3,-176.5,175.3,-175.6
1777067620.426498,0.0,,-375.0,-375.0,-375.0,-375.0,-175.4,175.5,-176.1,175.3,-176.5,175.3,-175.6
1777067620.426504,0.0,,-375.0,-375.0,-375.0,-375.0,-175.1,175.5,-176.1,175.3,-176.5,175.3,-175.6
1777067620.426509,0.0,,-375.0,-375.0,-375.0,-375.0,-175.1,175.5,-175.8,175.3,-176.5,175.3,-175.6
1777067620.427236,0.0,,-375.0,-375.0,-375.0,-375.0,-175.1,175.5,-175.8,174.8,-176.5,175.3,-175.6
1777067620.427243,0.0,,-375.0,-375.0,-375.0,-375.0,-175.1,175.5,-175.8,174.8,-176.5,175.6,-175.6
1777067621.426991,0.0,,-375.0,-375.0,-375.0,-375.0,-175.1,175.5,-175.8,174.8,-176.5,175.6,-175.6
1777067621.426997,0.0,,-375.0,-375.0,-375.0,-375.0,-175.1,175.5,-175.8,174.8,-176.5,175.6,-175.6
1777067621.427000,0.0,,-375.0,-375.0,-375.0,-375.0,-175.1,175.5,-175.8,174.8,-176.5,175.6,-175.6
1777067621.427003,0.0,,-375.0,-375.0,-375.0,-375.0,-176.1,175.5,-175.8,174.8,-176.5,175.6,-175.6
1777067621.427006,0.0,,-375.0,-375.0,-375.0,-375.0,-176.1,175.5,-176.0,174.8,-176.5,175.6,-175.6
1777067621.427009,0.0,,-375.0,-375.0,-375.0,-375.0,-176.1,175.5,-176.0,174.8,-177.1,175.6,-175.6
1777067621.427011,0.0,,-375.0,-375.0,-375.0,-375.0,-176.1,175.5,-176.0,174.8,-177.1,175.6,-174.4
1777067622.426244,0.0,,-375.0,-375.0,-375.0,-375.0,-176.1,175.5,-176.0,174.8,-177.1,175.6,-174.4
1777067622.427203,0.0,,-375.0,-375.0,-375.0,-375.0,-176.1,175.5,-176.0,174.8,-177.1,175.6,-174.4
1777067622.427209,0.0,,-375.0,-375.0,-374.9,-375.0,-176.1,175.5,-176.0,174.8,-177.1,175.6,-174.4
1777067622.427215,0.0,,-375.0,-375.0,-374.9,-375.0,-175.0,175.5,-176.0,174.8,-177.1,175.6,-174.4
1777067622.427220,0.0,,-375.0,-375.0,-374.9,-375.0,-175.0,175.5,-175.5,174.8,-177.1,175.6,-174.4
1777067622.427227,0.0,,-375.0,-375.0,-374.9,-375.0,-175.0,175.5,-175.5,174.8,-177.0,175.6,-174.4
1777067622.427233,0.0,,-375.0,-375.0,-374.9,-375.0,-175.0,175.5,-175.5,174.8,-177.0,175.6,-175.4
1777067623.426821,0.0,,-375.0,-375.0,-374.9,-375.0,-175.0,175.5,-175.5,174.8,-177.0,175.6,-175.4
1777067623.426834,0.0,,-375.0,-375.0,-374.9,-375.0,-175.0,175.5,-175.5,174.8,-177.0,175.6,-175.4
1777067623.426842,0.0,,-375.0,-375.0,-375.0,-375.0,-175.0,175.5,-175.5,174.8,-177.0,175.6,-175.4
1777067623.427730,0.0,,-375.0,-375.0,-375.0,-375.0,-175.0,175.5,-175.5,174.8,-177.0,175.6,-175.4
1777067623.427771,0.0,,-375.0,-375.0,-375.0,-375.0,-175.0,176.4,-175.5,174.8,-177.0,175.6,-175.4
1777067623.427788,0.0,,-375.0,-375.0,-375.0,-375.0,-175.0,176.4,-175.5,175.0,-177.0,175.6,-175.4
1777067623.427797,0.0,,-375.0,-375.0,-375.0,-375.0,-175.0,176.4,-175.5,175.0,-177.0,175.5,-175.4
1777067624.427673,0.0,,-375.0,-375.0,-375.0,-375.0,-175.0,176.4,-175.5,175.0,-177.0,175.5,-175.4
1777067624.427693,0.0,,-375.0,-375.0,-375.0,-375.0,-175.0,176.4,-175.5,175.0,-177.0,175.5,-175.4
1777067624.427707,0.0,,-375.0,-375.0,-375.0,-375.0,-175.0,176.4,-175.5,175.0,-177.0,175.5,-175.4
1777067624.427719,0.0,,-375.0,-375.0,-375.0,-375.0,-175.5,176.4,-175.5,175.0,-177.0,175.5,-175.4
1777067624.427728,0.0,,-375.0,-375.0,-375.0,-375.0,-175.5,176.4,-175.9,175.0,-177.0,175.5,-175.4
1777067624.427737,0.0,,-375.0,-375.0,-375.0,-375.0,-175.5,176.4,-175.9,175.0,-177.4,175.5,-175.4
1777067624.428470,0.0,,-375.0,-375.0,-375.0,-375.0,-175.5,176.4,-175.9,175.0,-177.4,175.3,-175.4
1777067625.427955,0.0,,-375.0,-375.0,-375.0,-375.0,-175.5,176.4,-175.9,175.0,-177.4,175.3,-175.4
1777067625.427969,0.0,,-374.9,-375.0,-375.0,-375.0,-175.5,176.4,-175.9,175.0,-177.4,175.3,-175.4
1777067625.427977,0.0,,-374.9,-375.0,-375.0,-375.0,-175.5,176.4,-175.9,175.0,-177.4,175.3,-175.4
1777067625.427985,0.0,,-374.9,-375.0,-375.0,-375.0,-175.5,176.4,-175.9,175.0,-177.4,175.3,-175.4
1777067625.427994,0.0,,-374.9,-375.0,-375.0,-375.0,-175.5,176.4,-175.4,175.0,-177.4,175.3,-175.4
1777067625.428001,0.0,,-374.9,-375.0,-375.0,-375.0,-175.5,176.4,-175.4,175.0,-177.4,175.3,-175.4
1777067625.428008,0.0,,-374.9,-375.0,-375.0,-375.0,-175.5,176.4,-175.4,175.0,-177.4,175.3,-175.0
1777067626.428425,0.0,,-374.9,-375.0,-375.0,-375.0,-175.5,176.4,-175.4,175.0,-177.4,175.3,-175.0
1777067626.428435,0.0,,-374.9,-375.0,-375.0,-375.0,-175.5,176.4,-175.4,175.0,-177.4,175.3,-175.0
1777067626.428441,0.0,,-374.9,-375.0,-375.0,-375.0,-175.5,176.4,-175.4,175.0,-177.4,175.3,-175.0
1777067626.428446,0.0,,-374.9,-375.0,-375.0,-375.0,-175.7,176.4,-175.4,175.0,-177.4,175.3,-175.0
1777067626.428451,0.0,,-374.9,-375.0,-375.0,-375.0,-175.7,176.4,-175.5,175.0,-177.4,175.3,-175.0
1777067626.428456,0.0,,-374.9,-375.0,-375.0,-375.0,-175.7,176.4,-175.5,175.0,-177.2,175.3,-175.0
1777067626.428460,0.0,,-374.9,-375.0,-375.0,-375.0,-175.7,176.4,-175.5,175.0,-177.2,175.3,-174.4
1777067627.427840,0.0,,-374.9,-375.0,-375.0,-375.0,-175.7,176.4,-175.5,175.0,-177.2,175.3,-174.4
1777067627.427855,0.0,,-375.0,-375.0,-375.0,-375.0,-175.7,176.4,-175.5,175.0,-177.2,175.3,-174.4
1777067627.428693,0.0,,-375.0,-375.0,-375.0,-375.0,-175.7,176.4,-175.5,175.0,-177.2,175.3,-174.4
1777067627.428705,0.0,,-375.0,-375.0,-375.0,-375.0,-176.1,176.4,-175.5,175.0,-177.2,175.3,-174.4
1777067627.428716,0.0,,-375.0,-375.0,-375.0,-375.0,-176.1,176.4,-176.5,175.0,-177.2,175.3,-174.4
1777067627.428727,0.0,,-375.0,-375.0,-375.0,-375.0,-176.1,176.4,-176.5,175.0,-177.0,175.3,-174.4
1777067627.428738,0.0,,-375.0,-375.0,-375.0,-375.0,-176.1,176.4,-176.5,175.0,-177.0,175.3,-175.3
1777067628.428380,0.0,,-375.0,-375.0,-375.0,-375.0,-176.1,176.4,-176.5,175.0,-177.0,175.3,-175.3
1777067628.428417,0.0,,-374.9,-375.0,-375.0,-375.0,-176.1,176.4,-176.5,175.0,-177.0,175.3,-175.3
1777067628.428426,0.0,,-374.9,-375.0,-374.9,-375.0,-176.1,176.4,-176.5,175.0,-177.0,175.3,-175.3
1777067628.428436,0.0,,-374.9,-375.0,-374.9,-375.0,-176.1,176.4,-176.5,175.0,-177.0,175.3,-175.3
1777067628.429207,0.0,,-374.9,-375.0,-374.9,-375.0,-176.1,175.1,-176.5,175.0,-177.0,175.3,-175.3
1777067628.429219,0.0,,-374.9,-375.0,-374.9,-375.0,-176.1,175.1,-176.5,175.5,-177.0,175.3,-175.3
1777067628.429228,0.0,,-374.9,-375.0,-374.9,-375.0,-176.1,175.1,-176.5,175.5,-177.0,175.3,-175.3
1777067629.428830,0.0,,-374.9,-375.0,-374.9,-375.0,-176.1,175.1,-176.5,175.5,-177.0,175.3,-175.3
1777067629.428851,0.0,,-375.0,-375.0,-374.9,-375.0,-176.1,175.1,-176.5,175.5,-177.0,175.3,-175.3
1777067629.428863,0.0,,-375.0,-375.0,-375.0,-375.0,-176.1,175.1,-176.5,175.5,-177.0,175.3,-175.3
1777067629.428873,0.0,,-375.0,-375.0,-375.0,-375.0,-175.1,175.1,-176.5,175.5,-177.0,175.3,-175.3
1777067629.428882,0.0,,-375.0,-375.0,-375.0,-375.0,-175.1,175.1,-176.0,175.5,-177.0,175.3,-175.3
1777067629.429596,0.0,,-375.0,-375.0,-375.0,-375.0,-175.1,175.1,-176.0,175.5,-176.6,175.3,-175.3
1777067629.429605,0.0,,-375.0,-375.0,-375.0,-375.0,-175.1,175.1,-176.0,175.5,-176.6,175.3,-175.3
1777067630.429168,0.0,,-375.0,-375.0,-375.0,-375.0,-175.1,175.1,-176.0,175.5,-176.6,175.3,-175.3
1777067630.429175,0.0,,-375.0,-375.0,-375.0,-375.0,-175.1,175.1,-176.0,175.5,-176.6,175.3,-175.3
1777067630.429179,0.0,,-375.0,-375.0,-375.0,-375.0,-175.1,175.1,-176.0,175.5,-176.6,175.3,-175.3
1777067630.429183,0.0,,-375.0,-375.0,-375.0,-375.0,-176.1,175.1,-176.0,175.5,-176.6,175.3,-175.3
1777067630.429187,0.0,,-375.0,-375.0,-375.0,-375.0,-176.1,175.1,-176.1,175.5,-176.6,175.3,-175.3
1777067630.429191,0.0,,-375.0,-375.0,-375.0,-375.0,-176.1,175.1,-176.1,175.5,-177.3,175.3,-175.3
1777067630.429194,0.0,,-375.0,-375.0,-375.0,-375.0,-176.1,175.1,-176.1,175.5,-177.3,175.3,-175.9
1777067631.428758,0.0,,-375.0,-375.0,-375.0,-375.0,-176.1,175.1,-176.1,175.5,-177.3,175.3,-175.9
1777067631.429602,0.0,,-375.0,-375.0,-375.0,-375.0,-176.1,175.1,-176.1,175.5,-177.3,175.3,-175.9
1777067631.429615,0.0,,-375.0,-375.0,-375.0,-375.0,-176.1,175.1,-176.1,175.5,-177.3,175.3,-175.9
1777067631.429626,0.0,,-375.0,-375.0,-375.0,-375.0,-175.1,175.1,-176.1,175.5,-177.3,175.3,-175.9
1777067631.429636,0.0,,-375.0,-375.0,-375.0,-375.0,-175.1,175.1,-175.6,175.5,-177.3,175.3,-175.9
1777067631.429649,0.0,,-375.0,-375.0,-375.0,-375.0,-175.1,175.1,-175.6,175.5,-178.1,175.3,-175.9
1777067631.429658,0.0,,-375.0,-375.0,-375.0,-375.0,-175.1,175.1,-175.6,175.5,-178.1,175.3,-175.1
1777067632.431225,0.0,,-375.0,-375.0,-375.0,-375.0,-175.1,175.1,-175.6,175.5,-178.1,175.3,-175.1
1777067632.431254,0.0,,-375.0,-375.0,-375.0,-375.0,-175.1,175.1,-175.6,175.5,-178.1,175.3,-175.1
1777067632.431266,0.0,,-375.0,-375.0,-375.0,-375.0,-175.1,175.1,-175.6,175.5,-178.1,175.3,-175.1
1777067632.431272,0.0,,-375.0,-375.0,-375.0,-375.0,-175.6,175.1,-175.6,175.5,-178.1,175.3,-175.1
1777067632.432318,0.0,,-375.0,-375.0,-375.0,-375.0,-175.6,175.1,-176.7,175.5,-178.1,175.3,-175.1
1777067632.432326,0.0,,-375.0,-375.0,-375.0,-375.0,-175.6,175.1,-176.7,175.5,-176.2,175.3,-175.1
1777067632.432332,0.0,,-375.0,-375.0,-375.0,-375.0,-175.6,175.1,-176.7,175.5,-176.2,175.3,-176.0
1777067633.431977,0.0,,-375.0,-375.0,-375.0,-375.0,-175.6,175.1,-176.7,175.5,-176.2,175.3,-176.0
1777067633.431996,0.0,,-374.9,-375.0,-375.0,-375.0,-175.6,175.1,-176.7,175.5,-176.2,175.3,-176.0
1777067633.432006,0.0,,-374.9,-375.0,-375.0,-375.0,-175.6,175.1,-176.7,175.5,-176.2,175.3,-176.0
1777067633.432016,0.0,,-374.9,-375.0,-375.0,-375.0,-175.2,175.1,-176.7,175.5,-176.2,175.3,-176.0
1777067633.432025,0.0,,-374.9,-375.0,-375.0,-375.0,-175.2,175.1,-175.7,175.5,-176.2,175.3,-176.0
1777067633.432034,0.0,,-374.9,-375.0,-375.0,-375.0,-175.2,175.1,-175.7,175.5,-177.5,175.3,-176.0
1777067633.432781,0.0,,-374.9,-375.0,-375.0,-375.0,-175.2,175.1,-175.7,175.5,-177.5,175.3,-174.9
1777067634.432272,0.0,,-374.9,-375.0,-375.0,-375.0,-175.2,175.1,-175.7,175.5,-177.5,175.3,-174.9
1777067634.432283,0.0,,-375.0,-375.0,-375.0,-375.0,-175.2,175.1,-175.7,175.5,-177.5,175.3,-174.9
1777067634.432289,0.0,,-375.0,-375.0,-375.0,-375.0,-175.2,175.1,-175.7,175.5,-177.5,175.3,-174.9
1777067634.432295,0.0,,-375.0,-375.0,-375.0,-375.0,-175.5,175.1,-175.7,175.5,-177.5,175.3,-174.9
1777067634.432300,0.0,,-375.0,-375.0,-375.0,-375.0,-175.5,175.1,-176.1,175.5,-177.5,175.3,-174.9
1777067634.432305,0.0,,-375.0,-375.0,-375.0,-375.0,-175.5,175.1,-176.1,175.5,-177.4,175.3,-174.9
1777067634.432310,0.0,,-375.0,-375.0,-375.0,-375.0,-175.5,175.1,-176.1,175.5,-177.4,175.3,-174.9
1777067635.431685,0.0,,-375.0,-375.0,-375.0,-375.0,-175.5,175.1,-176.1,175.5,-177.4,175.3,-174.9
1777067635.431693,0.0,,-374.9,-375.0,-375.0,-375.0,-175.5,175.1,-176.1,175.5,-177.4,175.3,-174.9
1777067635.432620,0.0,,-374.9,-375.0,-375.0,-375.0,-175.5,175.1,-176.1,175.5,-177.4,175.3,-174.9
1777067635.432628,0.0,,-374.9,-375.0,-375.0,-375.0,-175.5,175.1,-176.1,175.5,-177.4,175.3,-174.9
1777067635.432634,0.0,,-374.9,-375.0,-375.0,-375.0,-175.5,175.6,-176.1,175.5,-177.4,175.3,-174.9
1777067635.432638,0.0,,-374.9,-375.0,-375.0,-375.0,-175.5,175.6,-176.1,175.1,-177.4,175.3,-174.9
1777067635.432645,0.0,,-374.9,-375.0,-375.0,-375.0,-175.5,175.6,-176.1,175.1,-177.4,175.2,-174.9
1777067636.432576,0.0,,-374.9,-375.0,-375.0,-375.0,-175.5,175.6,-176.1,175.1,-177.4,175.2,-174.9
1777067636.432598,0.0,,-374.9,-375.0,-375.0,-375.0,-175.5,175.6,-176.1,175.1,-177.4,175.2,-174.9
1777067636.432626,0.0,,-374.9,-375.0,-375.0,-375.0,-175.5,175.6,-176.1,175.1,-177.4,175.2,-174.9
1777067636.432636,0.0,,-374.9,-375.0,-375.0,-375.0,-176.1,175.6,-176.1,175.1,-177.4,175.2,-174.9
1777067636.432644,0.0,,-374.9,-375.0,-375.0,-375.0,-176.1,175.6,-175.6,175.1,-177.4,175.2,-174.9
1777067636.434283,0.0,,-374.9,-375.0,-375.0,-375.0,-176.1,175.6,-175.6,174.3,-177.4,175.2,-174.9
1777067636.434296,0.0,,-374.9,-375.0,-375.0,-375.0,-176.1,175.6,-175.6,174.3,-177.4,174.6,-174.9
1777067637.432859,0.0,,-374.9,-375.0,-375.0,-375.0,-176.1,175.6,-175.6,174.3,-177.4,174.6,-174.9
1777067637.432871,0.0,,-375.0,-375.0,-375.0,-375.0,-176.1,175.6,-175.6,174.3,-177.4,174.6,-174.9
1777067637.432879,0.0,,-375.0,-375.0,-374.9,-375.0,-176.1,175.6,-175.6,174.3,-177.4,174.6,-174.9
1777067637.432886,0.0,,-375.0,-375.0,-374.9,-375.0,-175.2,175.6,-175.6,174.3,-177.4,174.6,-174.9
1777067637.432892,0.0,,-375.0,-375.0,-374.9,-375.0,-175.2,175.6,-175.8,174.3,-177.4,174.6,-174.9
1777067637.432897,0.0,,-375.0,-375.0,-374.9,-375.0,-175.2,175.6,-175.8,174.3,-177.6,174.6,-174.9
1777067637.432902,0.0,,-375.0,-375.0,-374.9,-375.0,-175.2,175.6,-175.8,174.3,-177.6,174.6,-175.3
1777067638.432603,0.0,,-375.0,-375.0,-374.9,-375.0,-175.2,175.6,-175.8,174.3,-177.6,174.6,-175.3
1777067638.432615,0.0,,-375.0,-375.0,-374.9,-375.0,-175.2,175.6,-175.8,174.3,-177.6,174.6,-175.3
1777067638.434376,0.0,,-375.0,-375.0,-374.9,-375.0,-175.2,175.6,-175.8,174.3,-177.6,174.6,-175.3
1777067638.434386,0.0,,-375.0,-375.0,-374.9,-375.0,-175.2,175.6,-175.8,174.3,-177.6,174.6,-175.3
1777067638.434392,0.0,,-375.0,-375.0,-374.9,-375.0,-175.2,176.1,-175.8,174.3,-177.6,174.6,-175.3
1777067638.434399,0.0,,-375.0,-375.0,-374.9,-375.0,-175.2,176.1,-175.8,174.9,-177.6,174.6,-175.3
1777067638.434405,0.0,,-375.0,-375.0,-374.9,-375.0,-175.2,176.1,-175.8,174.9,-177.6,175.7,-175.3
1777067639.432900,0.0,,-375.0,-375.0,-374.9,-375.0,-175.2,176.1,-175.8,174.9,-177.6,175.7,-175.3
1777067639.432917,0.0,,-375.0,-375.0,-374.9,-375.0,-175.2,176.1,-175.8,174.9,-177.6,175.7,-175.3
1777067639.432928,0.0,,-375.0,-375.0,-375.0,-375.0,-175.2,176.1,-175.8,174.9,-177.6,175.7,-175.3
1777067639.432937,0.0,,-375.0,-375.0,-375.0,-375.0,-175.7,176.1,-175.8,174.9,-177.6,175.7,-175.3
1777067639.433785,0.0,,-375.0,-375.0,-375.0,-375.0,-175.7,176.1,-176.5,174.9,-177.6,175.7,-175.3
1777067639.433799,0.0,,-375.0,-375.0,-375.0,-375.0,-175.7,176.1,-176.5,174.9,-176.0,175.7,-175.3
1777067639.433810,0.0,,-375.0,-375.0,-375.0,-375.0,-175.7,176.1,-176.5,174.9,-176.0,175.7,-175.3
1777067640.433631,0.0,,-375.0,-375.0,-375.0,-375.0,-175.7,176.1,-176.5,174.9,-176.0,175.7,-175.3
1777067640.433650,0.0,,-374.9,-375.0,-375.0,-375.0,-175.7,176.1,-176.5,174.9,-176.0,175.7,-175.3
1777067640.433662,0.0,,-374.9,-375.0,-375.0,-375.0,-175.7,176.1,-176.5,174.9,-176.0,175.7,-175.3
1777067640.433672,0.0,,-374.9,-375.0,-375.0,-375.0,-175.3,176.1,-176.5,174.9,-176.0,175.7,-175.3
1777067640.433681,0.0,,-374.9,-375.0,-375.0,-375.0,-175.3,176.1,-175.6,174.9,-176.0,175.7,-175.3
1777067640.433690,0.0,,-374.9,-375.0,-375.0,-375.0,-175.3,176.1,-175.6,174.9,-175.8,175.7,-175.3
1777067640.433699,0.0,,-374.9,-375.0,-375.0,-375.0,-175.3,176.1,-175.6,174.9,-175.8,175.7,-175.3
1777067641.434954,0.0,,-374.9,-375.0,-375.0,-375.0,-175.3,176.1,-175.6,174.9,-175.8,175.7,-175.3
1777067641.435085,0.0,,-375.0,-375.0,-375.0,-375.0,-175.3,176.1,-175.6,174.9,-175.8,175.7,-175.3
1777067641.435096,0.0,,-375.0,-375.0,-374.9,-375.0,-175.3,176.1,-175.6,174.9,-175.8,175.7,-175.3
1777067641.435104,0.0,,-375.0,-375.0,-374.9,-375.0,-176.2,176.1,-175.6,174.9,-175.8,175.7,-175.3
1777067641.435111,0.0,,-375.0,-375.0,-374.9,-375.0,-176.2,176.1,-176.0,174.9,-175.8,175.7,-175.3
1777067641.436960,0.0,,-375.0,-375.0,-374.9,-375.0,-176.2,176.1,-176.0,175.4,-175.8,175.7,-175.3
1777067641.436976,0.0,,-375.0,-375.0,-374.9,-375.0,-176.2,176.1,-176.0,175.4,-175.8,174.8,-175.3
1777067642.435691,0.0,,-375.0,-375.0,-374.9,-375.0,-176.2,176.1,-176.0,175.4,-175.8,174.8,-175.3
1777067642.435709,0.0,,-375.0,-375.0,-374.9,-375.0,-176.2,176.1,-176.0,175.4,-175.8,174.8,-175.3
1777067642.435721,0.0,,-375.0,-375.0,-374.9,-375.0,-176.2,176.1,-176.0,175.4,-175.8,174.8,-175.3
1777067642.435730,0.0,,-375.0,-375.0,-374.9,-375.0,-176.1,176.1,-176.0,175.4,-175.8,174.8,-175.3
1777067642.435749,0.0,,-375.0,-375.0,-374.9,-375.0,-176.1,176.1,-176.4,175.4,-175.8,174.8,-175.3
1777067642.435757,0.0,,-375.0,-375.0,-374.9,-375.0,-176.1,176.1,-176.4,175.4,-176.1,174.8,-175.3
1777067642.435765,0.0,,-375.0,-375.0,-374.9,-375.0,-176.1,176.1,-176.4,175.4,-176.1,174.8,-175.3
1777067643.438194,0.0,,-375.0,-375.0,-374.9,-375.0,-176.1,176.1,-176.4,175.4,-176.1,174.8,-175.3
1777067643.438212,0.0,,-375.0,-375.0,-374.9,-375.0,-176.1,176.1,-176.4,175.4,-176.1,174.8,-175.3
1777067643.438233,0.0,,-375.0,-375.0,-375.0,-375.0,-176.1,176.1,-176.4,175.4,-176.1,174.8,-175.3
1777067643.438244,0.0,,-375.0,-375.0,-375.0,-375.0,-175.2,176.1,-176.4,175.4,-176.1,174.8,-175.3
1777067643.438253,0.0,,-375.0,-375.0,-375.0,-375.0,-175.2,176.1,-176.1,175.4,-176.1,174.8,-175.3
1777067643.438925,0.0,,-375.0,-375.0,-375.0,-375.0,-175.2,176.1,-176.1,175.2,-176.1,174.8,-175.3
1777067643.438932,0.0,,-375.0,-375.0,-375.0,-375.0,-175.2,176.1,-176.1,175.2,-176.1,176.0,-175.3
1777067644.438587,0.0,,-375.0,-375.0,-375.0,-375.0,-175.2,176.1,-176.1,175.2,-176.1,176.0,-175.3
1777067644.438604,0.0,,-375.0,-375.0,-375.0,-375.0,-175.2,176.1,-176.1,175.2,-176.1,176.0,-175.3
1777067644.438611,0.0,,-375.0,-375.0,-375.0,-375.0,-175.2,176.1,-176.1,175.2,-176.1,176.0,-175.3
1777067644.438616,0.0,,-375.0,-375.0,-375.0,-375.0,-174.9,176.1,-176.1,175.2,-176.1,176.0,-175.3
1777067644.438619,0.0,,-375.0,-375.0,-375.0,-375.0,-174.9,176.1,-175.7,175.2,-176.1,176.0,-175.3
1777067644.438623,0.0,,-375.0,-375.0,-375.0,-375.0,-174.9,176.1,-175.7,175.2,-176.7,176.0,-175.3
1777067644.438626,0.0,,-375.0,-375.0,-375.0,-375.0,-174.9,176.1,-175.7,175.2,-176.7,176.0,-174.3
1777067645.438921,0.0,,-375.0,-375.0,-375.0,-375.0,-174.9,176.1,-175.7,175.2,-176.7,176.0,-174.3
1777067645.438930,0.0,,-375.0,-375.0,-375.0,-375.0,-174.9,176.1,-175.7,175.2,-176.7,176.0,-174.3
1777067645.438937,0.0,,-375.0,-375.0,-375.0,-375.0,-174.9,176.1,-175.7,175.2,-176.7,176.0,-174.3
1777067645.438944,0.0,,-375.0,-375.0,-375.0,-375.0,-175.2,176.1,-175.7,175.2,-176.7,176.0,-174.3
1777067645.438950,0.0,,-375.0,-375.0,-375.0,-375.0,-175.2,176.1,-175.9,175.2,-176.7,176.0,-174.3
1777067645.438955,0.0,,-375.0,-375.0,-375.0,-375.0,-175.2,176.1,-175.9,175.2,-176.2,176.0,-174.3
1777067645.438960,0.0,,-375.0,-375.0,-375.0,-375.0,-175.2,176.1,-175.9,175.2,-176.2,176.0,-175.4
1777067646.439451,0.0,,-375.0,-375.0,-375.0,-375.0,-175.2,176.1,-175.9,175.2,-176.2,176.0,-175.4
1777067646.439464,0.0,,-375.0,-375.0,-375.0,-375.0,-175.2,176.1,-175.9,175.2,-176.2,176.0,-175.4
1777067646.439474,0.0,,-375.0,-375.0,-375.0,-375.0,-175.2,176.1,-175.9,175.2,-176.2,176.0,-175.4
1777067646.439482,0.0,,-375.0,-375.0,-375.0,-375.0,-175.3,176.1,-175.9,175.2,-176.2,176.0,-175.4
1777067646.439491,0.0,,-375.0,-375.0,-375.0,-375.0,-175.3,176.1,-176.1,175.2,-176.2,176.0,-175.4
1777067646.439500,0.0,,-375.0,-375.0,-375.0,-375.0,-175.3,176.1,-176.1,175.2,-176.6,176.0,-175.4
1777067646.439508,0.0,,-375.0,-375.0,-375.0,-375.0,-175.3,176.1,-176.1,175.2,-176.6,176.0,-175.3
1777067647.440073,0.0,,-375.0,-375.0,-375.0,-375.0,-175.3,176.1,-176.1,175.2,-176.6,176.0,-175.3
1777067647.440090,0.0,,-375.0,-375.0,-375.0,-375.0,-175.3,176.1,-176.1,175.2,-176.6,176.0,-175.3
1777067647.440102,0.0,,-375.0,-375.0,-374.9,-375.0,-175.3,176.1,-176.1,175.2,-176.6,176.0,-175.3
1777067647.440113,0.0,,-375.0,-375.0,-374.9,-375.0,-175.6,176.1,-176.1,175.2,-176.6,176.0,-175.3
1777067647.440124,0.0,,-375.0,-375.0,-374.9,-375.0,-175.6,176.1,-176.2,175.2,-176.6,176.0,-175.3
1777067647.440135,0.0,,-375.0,-375.0,-374.9,-375.0,-175.6,176.1,-176.2,175.2,-176.8,176.0,-175.3
1777067647.440144,0.0,,-375.0,-375.0,-374.9,-375.0,-175.6,176.1,-176.2,175.2,-176.8,176.0,-174.8
1777067648.439570,0.0,,-375.0,-375.0,-374.9,-375.0,-175.6,176.1,-176.2,175.2,-176.8,176.0,-174.8
1777067648.439587,0.0,,-375.0,-375.0,-374.9,-375.0,-175.6,176.1,-176.2,175.2,-176.8,176.0,-174.8
1777067648.439598,0.0,,-375.0,-375.0,-375.0,-375.0,-175.6,176.1,-176.2,175.2,-176.8,176.0,-174.8
1777067648.439609,0.0,,-375.0,-375.0,-375.0,-375.0,-175.1,176.1,-176.2,175.2,-176.8,176.0,-174.8
1777067648.439618,0.0,,-375.0,-375.0,-375.0,-375.0,-175.1,176.1,-176.1,175.2,-176.8,176.0,-174.8
1777067648.439628,0.0,,-375.0,-375.0,-375.0,-375.0,-175.1,176.1,-176.1,175.2,-176.2,176.0,-174.8
1777067648.440361,0.0,,-375.0,-375.0,-375.0,-375.0,-175.1,176.1,-176.1,175.2,-176.2,176.0,-175.5
1777067649.439180,0.0,,-375.0,-375.0,-375.0,-375.0,-175.1,176.1,-176.1,175.2,-176.2,176.0,-175.5
1777067649.439191,0.0,,-375.0,-375.0,-375.0,-375.0,-175.1,176.1,-176.1,175.2,-176.2,176.0,-175.5
1777067649.439968,0.0,,-375.0,-375.0,-375.0,-375.0,-175.1,176.1,-176.1,175.2,-176.2,176.0,-175.5
1777067649.439977,0.0,,-375.0,-375.0,-375.0,-375.0,-175.7,176.1,-176.1,175.2,-176.2,176.0,-175.5
1777067649.439985,0.0,,-375.0,-375.0,-375.0,-375.0,-175.7,176.1,-176.2,175.2,-176.2,176.0,-175.5
1777067649.439992,0.0,,-375.0,-375.0,-375.0,-375.0,-175.7,176.1,-176.2,175.2,-176.6,176.0,-175.5
1777067649.440000,0.0,,-375.0,-375.0,-375.0,-375.0,-175.7,176.1,-176.2,175.2,-176.6,176.0,-175.6
1777067650.439450,0.0,,-375.0,-375.0,-375.0,-375.0,-175.7,176.1,-176.2,175.2,-176.6,176.0,-175.6
1777067650.439455,0.0,,-375.0,-375.0,-375.0,-375.0,-175.7,176.1,-176.2,175.2,-176.6,176.0,-175.6
1777067650.439459,0.0,,-375.0,-375.0,-375.0,-375.0,-175.7,176.1,-176.2,175.2,-176.6,176.0,-175.6
1777067650.439463,0.0,,-375.0,-375.0,-375.0,-375.0,-175.8,176.1,-176.2,175.2,-176.6,176.0,-175.6
1777067650.440433,0.0,,-375.0,-375.0,-375.0,-375.0,-175.8,176.1,-175.6,175.2,-176.6,176.0,-175.6
1777067650.440437,0.0,,-375.0,-375.0,-375.0,-375.0,-175.8,176.1,-175.6,175.2,-177.1,176.0,-175.6
1777067650.440441,0.0,,-375.0,-375.0,-375.0,-375.0,-175.8,176.1,-175.6,175.2,-177.1,176.0,-175.8
1777067651.441140,0.0,,-375.0,-375.0,-375.0,-375.0,-175.8,176.1,-175.6,175.2,-177.1,176.0,-175.8
1777067651.441149,0.0,,-375.0,-375.0,-375.0,-375.0,-175.8,176.1,-175.6,175.2,-177.1,176.0,-175.8
1777067651.441153,0.0,,-375.0,-375.0,-375.0,-375.0,-175.8,176.1,-175.6,175.2,-177.1,176.0,-175.8
1777067651.441158,0.0,,-375.0,-375.0,-375.0,-375.0,-175.8,176.1,-175.6,175.2,-177.1,176.0,-175.8
1777067651.441188,0.0,,-375.0,-375.0,-375.0,-375.0,-175.8,176.1,-175.5,175.2,-177.1,176.0,-175.8
1777067651.441192,0.0,,-375.0,-375.0,-375.0,-375.0,-175.8,176.1,-175.5,175.2,-176.2,176.0,-175.8
1777067651.441204,0.0,,-375.0,-375.0,-375.0,-375.0,-175.8,176.1,-175.5,175.2,-176.2,176.0,-175.0
1777067652.440573,0.0,,-375.0,-375.0,-375.0,-375.0,-175.8,176.1,-175.5,175.2,-176.2,176.0,-175.0
1777067652.440592,0.0,,-375.0,-375.0,-375.0,-375.0,-175.8,176.1,-175.5,175.2,-176.2,176.0,-175.0
1777067652.440598,0.0,,-375.0,-375.0,-375.0,-375.0,-175.8,176.1,-175.5,175.2,-176.2,176.0,-175.0
1777067652.440604,0.0,,-375.0,-375.0,-375.0,-375.0,-175.6,176.1,-175.5,175.2,-176.2,176.0,-175.0
1777067652.440608,0.0,,-375.0,-375.0,-375.0,-375.0,-175.6,176.1,-175.3,175.2,-176.2,176.0,-175.0
1777067652.440615,0.0,,-375.0,-375.0,-375.0,-375.0,-175.6,176.1,-175.3,175.2,-177.9,176.0,-175.0
1777067652.440619,0.0,,-375.0,-375.0,-375.0,-375.0,-175.6,176.1,-175.3,175.2,-177.9,176.0,-175.8
